atm_id,alias_id,site_id,site_name,address,city,state,region_name,location,accessibility,install_date,delivery_date,take_over_date,category_name,model_name,serial_number,type_name,warranty_days,bank_name,user_id,status
AMKATM01,ASNVSR-A001,100989,On-site,"Building 6, Veng Sreng Street, Trapeang Thleung Village, Sangkat Choam Chao, Khan Por Senchey, Phnom Penh.",Doun Penh Section,Phnom Penh,Doun Penh Section,Doun Penh Section,06:00 to 18:00,6/21/2021,7/18/2021,8/30/2026,Gold,DN 100D,J810004200,ATM,365,AMK MFI,1,active
AMKATM02,PNPCAP-C001,103176,On-site,"Building No. 588, National Road No. 1, Group 3, Doeum Sleng Village, Sangkat Chba Ampov 2, Khan Chbar Ampov, Phnom Penh",Doun Penh Section,Phnom Penh,Doun Penh Section,Doun Penh Section,06:00 to 18:00,2/1/2021,7/18/2021,8/30/2026,Gold,DN 200V,5310264009,CRM,365,AMK MFI,1,active
AMKATM03,PNPAEON1-C001,112276,Offsite,"# 132, Sothearos Street, Sangkat Tonle Bassac, Khan Chamkarmon, Phnom Penh.",Doun Penh Section,Phnom Penh,Doun Penh Section,Doun Penh Section,06:00 to 18:00,8/29/2021,7/18/2021,8/30/2026,Gold,DN 200V,5310259889,CRM,365,AMK MFI,1,active
AMKATM04,PNPSTM-C001,111573,On-site,"Kampuchea Krom Street, Sangkat Teuk Laak 1, Khan Toul Kork, Phnom Penh, Cambodia.",Doun Penh Section,Phnom Penh,Doun Penh Section,Doun Penh Section,06:00 to 18:00,6/29/2021,7/18/2021,8/30/2026,Gold,DN 200V,5310259740,CRM,365,AMK MFI,1,active
AMKATM05,BMCPOP-A001,100039,On-site,"National Road No 5, Paliley Village, Sangkat Poipet, Poipet City, Banteay Meanchey Province.",Poipet Municipality,Banteay Meanchey,Poipet Municipality,Poipet Municipality,06:00 to 18:00,7/16/2021,7/18/2021,8/30/2026,Gold,DN 100D,J810004231,ATM,365,AMK MFI,1,active
AMKATM34,BTBPSN-A001,102656,Offsite,"# 647, Chamkar Dong Street, Sambour Village, Sangkat Dangkor, Khan Dangkor, Phnom Penh, Cambodia.",Phnom penh,Phnom penh,Phnom penh,Phnom penh,06:00 to 18:00,10/5/2022,10/5/2027,10/5/2027,Gold,DN 100D,J810004196,ATM,365,AMK MFI,1,active
AMKATM08,PNPPNP-A002,103174,Offsite,"# 285, Street 271, Village 1, Sangkat Boeung Keng Kang, Khan Chamkarmon, Phnom Penh.",Doun Penh Section,Phnom Penh,Doun Penh Section,Doun Penh Section,06:00 to 18:00,1/17/2022,7/18/2021,8/30/2026,Gold,DN 100D,J810004225,ATM,365,AMK MFI,1,active
AMKATM09,PNPFFM-A001,111650,On-site,"# 56, Street 360, Village 9, Sangkat Boeung Keng Kang III, Khan Boeung Keng Kang, Phnom Penh",Doun Penh Section,Phnom Penh,Doun Penh Section,Doun Penh Section,06:00 to 18:00,6/23/2021,7/18/2021,8/30/2026,Gold,DN 100D,J810004229,ATM,365,AMK MFI,1,active
AMKATM10,PNPCCV-A001,103168,On-site,"National Road No. 6A, Group 8, Village 3, Sangkat Chroy Changva, Khan Chroy Changva, Phnom Penh",Doun Penh Section,Phnom Penh,Doun Penh Section,Doun Penh Section,06:00 to 18:00,9/13/2021,7/18/2021,8/30/2026,Gold,DN 100D,J810004203,ATM,365,AMK MFI,1,active
AMKATM11,MDKMDK-A001,103682,On-site,"Kandal Village, Sangkat Meanchey, Sen Monorom City, Mondulkiri Province.",Senmonorom Municipality,Mondulkiri,Senmonorom Municipality,Senmonorom Municipality,06:00 to 18:00,7/24/2021,7/18/2021,8/30/2026,Gold,DN 100D,J810004221,ATM,365,AMK MFI,1,active
AMKATM13,PNPRSK-A001,103167,On-site,"Building No. 748, National Road No. 5, Krol Ko Village, Sangkat Kilometer 6, Khan Russey Keo, Phnom Penh.",Doun Penh Section,Phnom Penh,Doun Penh Section,Doun Penh Section,06:00 to 18:00,6/25/2021,7/18/2021,8/30/2026,Gold,DN 100D,J810004213,ATM,365,AMK MFI,1,active
AMKATM14,PNPPNP-A001,104184,On-site,"# 285, Street 271, Village 1, Sangkat Boeung Keng Kang, Khan Chamkarmon, Phnom Penh.",Doun Penh Section,Phnom Penh,Doun Penh Section,Doun Penh Section,06:00 to 18:00,7/22/2021,7/18/2021,8/30/2026,Gold,DN 100D,J810001784,ATM,365,AMK MFI,1,active
AMKATM15,BMCBMC-A001,100038,On-site,"National Road No. 5, Korathan Village, Sangkat O'Ambel, Serey Sophorn City, Banteay Meanchey Province.",Serei Saophoan Municipality,Banteay Meanchey,Serei Saophoan Municipality,Serei Saophoan Municipality,06:00 to 18:00,7/16/2021,7/18/2021,8/30/2026,Gold,DN 100D,J810004215,ATM,365,AMK MFI,1,active
AMKATM16,KTMKTM-A001,101515,On-site," Street 6, Trapeang Svay Village, Ballong Commune, Baray District, Kampong Thom Province.",Steung Saen Municipality,Kampong Thom,Steung Saen Municipality,Steung Saen Municipality,06:00 to 18:00,7/23/2021,7/18/2021,8/30/2026,Gold,DN 100D,J810004228,ATM,365,AMK MFI,1,active
AMKATM17,KPTKPT-A001,100040,On-site,"Kampong Bay South Village, Sangkat Kampong Bay, Kampot City, Kampot Province.",Kampot Municipality,Kampot,Kampot Municipality,Kampot Municipality,06:00 to 18:00,6/30/2021,7/18/2021,8/30/2026,Gold,DN 100D,J810004201,ATM,365,AMK MFI,1,active
AMKATM18,MRSMRS-A001,100987,On-site,"Kear 3 Village, Kear Commune, Maung Russey District, Battambang Province.",Battambang Municipality,Battambang,Battambang Municipality,Battambang Municipality,06:00 to 18:00,7/17/2021,7/18/2021,8/30/2026,Gold,DN 100D,J810004237,ATM,365,AMK MFI,1,active
AMKATM19,KRTKRT-A001,10207,On-site,"Sangkum Reastr Niyum Road, Wat Village, Sangkat Kratie, Kratie City, Kratie Province.",Chbar Mon Municipality,Kratié,Chbar Mon Municipality,Chbar Mon Municipality,06:00 to 18:00,7/2/2021,7/18/2021,8/30/2026,Gold,DN 100D,J810004238,ATM,365,AMK MFI,1,active
AMKATM20,KHHKHH-A001,104163,On-site,"Village 1, Sangkat Khsam, Kampong Chhnang City, Kampong Chhnang Province",Kampong Chhnang Municipality,Kampong Chhnang,Kampong Chhnang Municipality,Kampong Chhnang Municipality,06:00 to 18:00,7/12/2021,7/18/2021,8/30/2026,Gold,DN 100D,J810004239,ATM,365,AMK MFI,1,active
AMKATM21,BTIBTI-A001,100474,On-site,"National Road No. 2, Chak Village, Trapeang Sap Commune, Bati District, Takeo Province.",Doun Kaev Municipality,Takéo,Doun Kaev Municipality,Doun Kaev Municipality,06:00 to 18:00,6/28/2021,7/18/2021,8/30/2026,Gold,DN 100D,J810004194,ATM,365,AMK MFI,1,active
AMKATM22,KPTKTR-A001,100041,On-site,"Kampong Trach I Village, Kampong Trach East Commune, Kampong Trach District, Kampot Province.",Kampot Municipality,Kampot,Kampot Municipality,Kampot Municipality,06:00 to 18:00,7/20/2021,7/18/2021,8/30/2026,Gold,DN 100D,J810004205,ATM,365,AMK MFI,1,active
AMKATM23,KTBKTB-A001,101515,On-site,"Chambok village, Prasat commune, Kampong Trabek district, Prey Veng province.",Prey Veng Municipality,Prey Veng,Prey Veng Municipality,Prey Veng Municipality,06:00 to 18:00,7/6/2021,7/18/2021,8/30/2026,Gold,DN 100D,J810004190,ATM,365,AMK MFI,1,active
AMKATM24,KPSKPS-A001,100473,On-site,"National Road No. 3, Krabei Tram Village, Chung Ruk Commune, Kong Pisey District, Kampong Speu Province.",Chbar Mon Municipality,Kampong Speu,Chbar Mon Municipality,Chbar Mon Municipality,06:00 to 18:00,6/28/2021,7/18/2021,8/30/2026,Gold,DN 100D,J810004195,ATM,365,AMK MFI,1,active
AMKATM25,MKPMKP-A001,101545,On-site,"Street 6A, House No. 043, Group 3, Krom Village, Prek Anchanh Commune, Muk Kampoul District, Kandal Province.",Ta Khmau Municipality,Kandal,Ta Khmau Municipality,Ta Khmau Municipality,06:00 to 18:00,7/13/2021,7/18/2021,8/30/2026,Gold,DN 100D,J810004198,ATM,365,AMK MFI,1,active
AMKATM26,ASNTAN2-A001,103111,Offsite,"Tnot 1 Deum Village, Bek Chan Commune, Ang Snoul District, Kandal Province.",Ta Khmau Municipality,Kandal,Ta Khmau Municipality,Ta Khmau Municipality,06:00 to 18:00,10/5/2020,7/18/2021,8/30/2026,Gold,DN 100D,J810001726,ATM,365,AMK MFI,1,active
AMKATM27,PNPBBU-C001,111264,On-Site,"Phnom Penh Center (001B), Samdech Sothearos (St. 3), Village 15, Sangkat Tonle Bassac, Khan Chamkarmon, Phnom Penh.",Doun Penh Section,Phnom Penh,Doun Penh Section,Doun Penh Section,06:00 to 18:00,8/29/2021,7/18/2021,8/30/2026,Gold,DN 200V,5310259867,CRM,365,AMK MFI,1,active
AMKATM28,PNPPDK-A001,111263,On-site,"Plot No. 20, House 179 Aston, Street 215, Village 16, Sangkat Phsar Doeum Kor, Khan Toul Kork, Phnom Penh",Doun Penh Section,Phnom Penh,Doun Penh Section,Doun Penh Section,06:00 to 18:00,6/26/2021,7/18/2021,8/30/2026,Gold,DN 100D,J810004230,ATM,365,AMK MFI,1,active
AMKATM29,PNPPDK-C001,103172,On-site,"Plot No. 20, House 179 Aston, Street 215, Village 16, Sangkat Phsar Doeum Kor, Khan Toul Kork, Phnom Penh",Doun Penh Section,Phnom Penh,Doun Penh Section,Doun Penh Section,06:00 to 18:00,7/13/2021,7/18/2021,8/30/2026,Gold,DN 200V,5310263868,CRM,365,AMK MFI,1,active
AMKATM30,KSVKSV-A001,102624,On-site,"# 1, Toul Tnaot Village, Koki Commune, Kien Svay District, Kandal Province.",Ta Khmau Municipality,Kandal,Ta Khmau Municipality,Ta Khmau Municipality,06:00 to 18:00,6/25/2021,7/18/2021,8/30/2026,Gold,DN 100D,J810004204,ATM,365,AMK MFI,1,active
AMKATM31,MEMMEM-A001,101516,On-site,"Tbov Wat Village, Memot Commune, Memot District, Kampong Cham Province.",Suong Municipality,Tboung Khmum,Suong Municipality,Suong Municipality,06:00 to 18:00,7/5/2021,7/18/2021,8/30/2026,Gold,DN 100D,J810004226,ATM,365,AMK MFI,1,active
AMKATM32,KSPKSP-A001,102135,On-site,"Plot No. 567, Kraing Pol Tep Village, Sangkat Rokar Thom, Chbar Morn City, Kampong Speu Province.",Kratié Municipality,Kampong Speu,Kratié Municipality,Kratié Municipality,06:00 to 18:00,6/24/2021,7/18/2021,8/30/2026,Gold,DN 100D,J810004197,ATM,365,AMK MFI,1,active
AMKATM33,PNPBNC-C001,103164,On-site,"# 432E, Preah Monivong Street, Sangkat Tonle Bassac, Khan Chamkarmon, Phnom Penh, Cambodia.",Doun Penh Section,Phnom Penh,Doun Penh Section,Doun Penh Section,06:00 to 18:00,8/28/2021,7/18/2021,8/30/2026,Gold,DN 200V,5310263723,CRM,365,AMK MFI,1,active
AMKATM35,KPTCHH-A001,111803,On-site,"Sat Pong Village, Sat Pong Commune, Chhouk District, Kampot Province.",Kampot Municipality,Kampot,Kampot Municipality,Kampot Municipality,06:00 to 18:00,6/30/2021,7/18/2021,8/30/2026,Gold,DN 100D,J810004235,ATM,365,AMK MFI,1,active
AMKATM36,PNPSMC-C001,103175,On-site,"Damnak Thom Village, Sangkat Steung Meanchey, Khan Meanchey, Phnom Penh",Doun Penh Section,Phnom Penh,Doun Penh Section,Doun Penh Section,06:00 to 18:00,6/20/2021,7/18/2021,8/30/2026,Gold,DN 200V,5310263925,CRM,365,AMK MFI,1,active
AMKATM37,PNPPEH-C001,110515,On-site,"National Road No. 1, Boeung Chhouk Village, Sangkat Niroth, Khan Chbar Ampov, Phnom Penh, Cambodia.",Doun Penh Section,Phnom Penh,Doun Penh Section,Doun Penh Section,06:00 to 18:00,7/7/2021,7/18/2021,8/30/2026,Gold,DN 200V,5310259922,CRM,365,AMK MFI,1,active
AMKATM38,PNPNUM-C001,111265,On-site,"National University of Management, St. 96 Christopher House, Sangkat Wat Phnom, Khan Daun Penh, Phnom Penh, Cambodia.",Doun Penh Section,Phnom Penh,Doun Penh Section,Doun Penh Section,06:00 to 18:00,7/8/2021,7/18/2021,8/30/2026,Gold,DN 200V,5310259813,CRM,365,AMK MFI,1,active
AMKATM39,PNPEGN-C001,111561,Offsite,"Center #Phnom Phnom Penh (PPCC), City Center Blvd, Sangkat Srah Chak, Khan Daun Penh, Phnom Penh",Doun Penh Section,Phnom Penh,Doun Penh Section,Doun Penh Section,06:00 to 18:00,6/21/2021,7/18/2021,8/30/2026,Gold,DN 200V,5310259780,CRM,365,AMK MFI,1,active
AMKATM40,TAKATS-A001,101011,Offsite,"Prey Romdeng Village, Ang Tasom Commune, Tram Kak District, Takeo Province.",Doun Kaev Municipality,Takéo,Doun Kaev Municipality,Doun Kaev Municipality,06:00 to 18:00,3/17/2022,7/18/2021,8/30/2026,Gold,DN 100D,J810004214,ATM,365,AMK MFI,1,active
AMKATM41,KOKKOK-A001,100984,On-site,"# 420, Village 1, Sangkat Smach Meanchey, Khemarak Phoumin Municipality, Koh Kong Province.",Khemarak Phoumin Municipality,Koh Kong,Khemarak Phoumin Municipality,Khemarak Phoumin Municipality,06:00 to 18:00,4/3/2021,7/18/2021,8/30/2026,Gold,DN 100D,J810004193,ATM,365,AMK MFI,1,active
AMKATM42,PNPCKD-C001,111979,Offsite,"# 647, Chamkar Dong Street, Sambour Village, Sangkat Dangkor, Khan Dangkor, Phnom Penh, Cambodia.",Doun Penh Section,Phnom Penh,Doun Penh Section,Doun Penh Section,06:00 to 18:00,8/27/2021,7/18/2021,8/30/2026,Gold,DN 200V,5310259822,CRM,365,AMK MFI,1,active
AMKATM43,PNPPNP-C001,103174,On-site,"# 285, Street 271, Village 1, Sangkat Boeung Keng Kang, Khan Chamkarmon, Phnom Penh.",Doun Penh Section,Phnom Penh,Doun Penh Section,Doun Penh Section,06:00 to 18:00,7/5/2021,7/18/2021,8/30/2026,Gold,DN 200V,5310259757,CRM,365,AMK MFI,1,active
AMKATM44,OMCOMC-A001,101512,On-site,"Samrong Village, Samrong Commune, Daun Keo City, Oddor Meanchey Province.",Samraong Municipality,Oddar Meanchey,Samraong Municipality,Samraong Municipality,06:00 to 18:00,7/15/2021,7/18/2021,8/30/2026,Gold,DN 100D,J810004217,ATM,365,AMK MFI,1,active
AMKATM45,PNPGRM-A001,103166,Offsite,"St. 3032, Banlea Set Village, Sangkat Khmuonh, Khan Sen Sok, Phnom Penh",Doun Penh Section,Phnom Penh,Doun Penh Section,Doun Penh Section,06:00 to 18:00,8/27/2021,7/18/2021,8/30/2026,Gold,PC 280,J821001981,ATM,365,AMK MFI,1,active
AMKATM46,PALPAL-A001,100990,Offsite,"Plot No. B1 0391 and B1 0027, Pahi Tbong Village, Sangkat Pailin, Pailin City, Pailin Province.",Pailin Municipality,Pailin,Pailin Municipality,Pailin Municipality,06:00 to 18:00,7/29/2021,7/18/2021,8/30/2026,Gold,DN 100D,J810004232,ATM,365,AMK MFI,1,active
AMKATM47,PNPPPM-C001,103179,On-site,"# 1216, Street 1986, Sangkat Phnom Penh Thmey, Khan Sen Sok, Phnom Penh.",Doun Penh Section,Phnom Penh,Doun Penh Section,Doun Penh Section,06:00 to 18:00,9/9/2021,7/18/2021,8/30/2026,Gold,DN 200V,5310263750,CRM,365,AMK MFI,1,active
AMKATM48,KCHKCH-A001,103163,On-site,"Village 6, Sangkat Veal Vong, Kampong Cham City, Kampong Cham Province.",Kampong Cham Municipality,Kampong Cham,Kampong Cham Municipality,Kampong Cham Municipality,06:00 to 18:00,7/19/2021,7/18/2021,8/30/2026,Gold,DN 100D,J810004220,ATM,365,AMK MFI,1,active
AMKATM49,KTHKTH-A001,102622,On-site,"National Road No. 6, Kampong Thom Village, Sangkat Kampong Rotes, Steung Sen City, Kampong Thom Province.",Steung Saen Municipality,Kampong Thom,Steung Saen Municipality,Steung Saen Municipality,06:00 to 18:00,7/6/2021,7/18/2021,8/30/2026,Gold,DN 100D,J810004224,ATM,365,AMK MFI,1,active
AMKATM50,PNPBKT-A001,103178,Offsite,"Street 169, Sangkat Veal Vong, Khan 7 Makara, Phnom Penh, Cambodia.",Doun Penh Section,Phnom Penh,Doun Penh Section,Doun Penh Section,06:00 to 18:00,6/26/2021,7/18/2021,8/30/2026,Gold,DN 100D,J810004192,ATM,365,AMK MFI,1,active
AMKATM51,KCHMDT-A001,100043,Offsite,"Ampil Leu Village, Ampil Commune, Kampong Siem District, Kampong Cham Province.",Kampong Cham Municipality,Kampong Cham,Kampong Cham Municipality,Kampong Cham Municipality,06:00 to 18:00,7/19/2021,7/18/2021,8/30/2026,Gold,DN 100D,J810004233,ATM,365,AMK MFI,1,active
AMKATM52,PNPHAR-A001,103171,Offsite,"136CD Street 110, Sangkat Teuk Laak I, Khan Toul Kork, Phnom Penh, Cambodia.",Doun Penh Section,Phnom Penh,Doun Penh Section,Doun Penh Section,06:00 to 18:00,8/28/2021,7/18/2021,8/30/2026,Gold,DN 100D,J810004199,ATM,365,AMK MFI,1,active
AMKATM53,ASNTAN1-A001,103170,Offsite,"Tnot 1 Deum Village, Bek Chan Commune, Ang Snoul District, Kandal Province.",Ta Khmau Municipality,Kandal,Ta Khmau Municipality,Ta Khmau Municipality,06:00 to 18:00,10/5/2020,7/18/2021,8/30/2026,Gold,DN 100D,J810001727,ATM,365,AMK MFI,1,active
AMKATM54,ASNCPV-A001,101010,On-site,"# 35, National Road 4, Ang Village, Sangkat Choam Chao, Khan Por Senchey, Phnom Penh.",Ta Khmau Municipality,Kandal,Ta Khmau Municipality,Ta Khmau Municipality,06:00 to 18:00,6/21/2021,7/18/2021,8/30/2026,Gold,DN 100D,J810004212,ATM,365,AMK MFI,1,active
AMKATM55,TAKTAK-A001,101009,Offsite,"National Road 2, Phsar Ta Kor Village, Sangkat Rokar Knoung, Daun Keo City, Takeo Province.",Doun Kaev Municipality,Takéo,Doun Kaev Municipality,Doun Kaev Municipality,06:00 to 18:00,3/17/2022,7/18/2021,8/30/2026,Gold,DN 100D,J810004209,ATM,365,AMK MFI,1,active
AMKATM56,PNPPSC-A001,100042,On-site,"Building No. 97Eo, Street 110, Sangkat Wat Phnom, Khan Daun Penh, Phnom Penh",Doun Penh Section,Phnom Penh,Doun Penh Section,Doun Penh Section,06:00 to 18:00,1/20/2016,7/18/2021,8/30/2026,Gold,DN 100D,J810004208,ATM,365,AMK MFI,1,active
AMKATM57,PNPPSM-C001,111582,Offsite,"# 207, Street 271, Village 7, Sangkat Phsar Doeum Kor, Khan Chamkarmon, Phnom Penh, Cambodia.",Doun Penh Section,Phnom Penh,Doun Penh Section,Doun Penh Section,06:00 to 18:00,1/28/2021,7/18/2021,8/30/2026,Gold,DN 200V,5310259818,CRM,365,AMK MFI,1,active
AMKATM58,BTBBTB-C001,102657,On-site,"Plot No. 0355 and National Road No. 05, Romchek 5 Village, Sangkat Rattan: Battambang City, Battambang Province.",Battambang Municipality,Battambang,Battambang Municipality,Battambang Municipality,06:00 to 18:00,8/30/2021,7/18/2021,8/30/2026,Gold,DN 200V,5310263839,CRM,365,AMK MFI,1,active
AMKATM59,PNPCKM-A001,103177,On-site,"Plot No. 191, Oknha Try Heng Street (2011), Kork Khleang Village, Sangkat Kork Khleang, Khan Sen Sok, Phnom Penh.",Doun Penh Section,Phnom Penh,Doun Penh Section,Doun Penh Section,06:00 to 18:00,6/23/2021,7/18/2021,8/30/2026,Gold,PC 280,J821001980,ATM,365,AMK MFI,1,active
AMKATM60,ASNASN-A001,100988,On-site,"# 10, Street 4, Bek Chan Village, Sangkat Bek Chan, Ang Snoul District, Kandal Province.",Ta Khmau Municipality,Kandal,Ta Khmau Municipality,Ta Khmau Municipality,06:00 to 18:00,6/21/2021,7/18/2021,8/30/2026,Gold,DN 100D,J810004202,ATM,365,AMK MFI,1,active
AMKATM61,KADKAD-A001,101513,Offsite,"Location: Takhmao Village, Sangkat Takhmao, Takhmao City, Kandal Province.",Ta Khmau Municipality,Kandal,Ta Khmau Municipality,Ta Khmau Municipality,06:00 to 18:00,6/24/2021,7/18/2021,8/30/2026,Gold,DN 100D,J810004210,ATM,365,AMK MFI,1,active
AMKATM62,PNPBKM-A001,111481,On-site,"# 152BA5 and 152BA6, Street 516, Village 13, Sangkat Boeung Kak I, Khan Toul Kork, Phnom Penh.",Doun Penh Section,Phnom Penh,Doun Penh Section,Doun Penh Section,06:00 to 18:00,6/23/2021,7/18/2021,8/30/2026,Gold,DN 100D,J810004219,ATM,365,AMK MFI,1,active
AMKATM63,SHVSHV-A001,102077,Offsite,"Group 4, Village 4, Sangkat 4, Sihanoukville, Preah Sihanouk Province.",Sihanoukville Municipality,Preah Sihanouk,Sihanoukville Municipality,Sihanoukville Municipality,06:00 to 18:00,9/3/2021,7/18/2021,8/30/2026,Gold,DN 100D,J810004207,ATM,365,AMK MFI,1,active
AMKATM64,PNPTKK-C001,103169,On-site,"Street 289, Village 12, Sangkat Boeung Kak II, Khan Toul Kork, Phnom Penh.",Doun Penh Section,Phnom Penh,Doun Penh Section,Doun Penh Section,06:00 to 18:00,7/17/2021,7/18/2021,8/30/2026,Gold,DN 200V,5310259874,CRM,365,AMK MFI,1,active
AMKATM65,PUKPUK-A001,103684,Offsite,"Kork Srok village, Puok commune, Puok district, Siem Reap province",Siem Reap Municipality,Siem Reap,Siem Reap Municipality,Siem Reap Municipality,06:00 to 18:00,9/2/2021,7/18/2021,8/30/2026,Gold,DN 100D,J810004227,ATM,365,AMK MFI,1,active
AMKATM66,PSTPST-A001,100471,Offsite,"Street 05, Ra Village, Sangkat Phteah Prey, Pursat City, Pursat Province.",Pursat Municipality,Pursat,Pursat Municipality,Pursat Municipality,06:00 to 18:00,9/1/2021,7/18/2021,8/30/2026,Gold,DN 100D,J810004216,ATM,365,AMK MFI,1,active
AMKATM67,PRVPRV-A001,100986,Offsite,"# 70, Village 4, Sangkat Kampong Leav, Prey Veng City, Prey Veng Province.",Prey Veng Municipality,Prey Veng,Prey Veng Municipality,Prey Veng Municipality,06:00 to 18:00,9/1/2021,7/18/2021,8/30/2026,Gold,DN 100D,J810004211,ATM,365,AMK MFI,1,active
AMKATM68,RTKRTK-A001,100985,Offsite,"Street 78, Sangkat Laban Siek, Banlung City, Rattanakiri Province.",Banlung Municipality,Ratanakiri,Banlung Municipality,Banlung Municipality,06:00 to 18:00,9/3/2021,7/18/2021,8/30/2026,Gold,DN 100D,J810004218,ATM,365,AMK MFI,1,active
AMKATM69,SKNSKN-A001,103112,Offsite,"National Road No. 6, Ta Sen Village, Sotip Commune, Cheung Prey District, Kampong Cham Province.",Kampong Cham Municipality,Kampong Cham,Kampong Cham Municipality,Kampong Cham Municipality,06:00 to 18:00,9/2/2021,7/18/2021,8/30/2026,Gold,DN 100D,J810004191,ATM,365,AMK MFI,1,active
AMKATM70,PRHPRH-A001,101514,On-site,"Lor Et Village, Kampong Pranak Commune, Preah Vihear District, Preah Vihear Province",Preah Vihear Municipality,Preah Vihear,Preah Vihear Municipality,Preah Vihear Municipality,06:00 to 18:00,8/24/2021,7/18/2021,8/30/2026,Gold,DN 100D,J810004223,ATM,365,AMK MFI,1,active
AMKATM71,SRPNMK-A001,100468,On-site,"Mondul 2 Village, Sangkat Svay Dangkum, Siem Reap City, Siem Reap Province.",Siem Reap Municipality,Siem Reap,Siem Reap Municipality,Siem Reap Municipality,06:00 to 18:00,9/13/2021,7/18/2021,8/30/2026,Gold,DN 100D,J810000779,ATM,365,AMK MFI,1,active
AMKATM72,SVRSVR-A001,100472,Offsite,"Rup Ko Village, Sangkat Chek, Svay Rieng District, Svay Rieng Province.",Svay Rieng Municipality,Svay Rieng,Svay Rieng Municipality,Svay Rieng Municipality,06:00 to 18:00,3/3/2022,7/18/2021,8/30/2026,Gold,DN 100D,J810004206,ATM,365,AMK MFI,1,active
AMKATM73,SNGSNG-C001,102623,On-Site,"Building No. 93, Street 7, Suong Lech Village, Sangkat Suong, Suong Municipality, Tbong Khmum Province.",Suong Municipality,Tboung Khmum,Suong Municipality,Suong Municipality,06:00 to 18:00,9/14/2021,7/18/2021,8/30/2026,Gold,DN 200V,5310263780,CRM,365,AMK MFI,1,active
AMKATM74,SRPSRP-A001,100469,Offsite,"Plot No. 2794, Chong Kaosou Village, Sangkat Slor Kram, Siem Reap City, Siem Reap Province.",Siem Reap Municipality,Siem Reap,Siem Reap Municipality,Siem Reap Municipality,06:00 to 18:00,11/16/2021,7/18/2021,8/30/2026,Gold,DN 100D,J810001785,ATM,365,AMK MFI,1,active
AMKATM75,STRSTR-A001,104164,Offsite,"Prek Village, Sangkat Stung Treng, Stung Treng City, Stung Treng Province.",Stung Treng Municipality,Stung Treng,Stung Treng Municipality,Stung Treng Municipality,06:00 to 18:00,1/1/2022,7/18/2021,8/30/2026,Gold,DN 100D,J810004234,ATM,365,AMK MFI,1,active
AMKATM76,TTLKFR-A001,113764,Offsite,"Spring Plaza Building No. 2175, Street 2004, Sangkat Teuk Thla, Khan Sen Sok, Phnom Penh",Doun Penh Section,Phnom Penh,Doun Penh Section,Doun Penh Section,06:00 to 18:00,5/4/2022,5/1/2022,8/30/2026,Gold,DN 100D,J810009362,ATM,365,AMK MFI,1,active
AMKATM77,CCVLKH-A001,113756,Offsite,"National Road No 6A, Kien Khleang Village, Sangkat Chroy Changva, Khan Chroy Changva, Phnom Penh, Cambodia.",Doun Penh Section,Phnom Penh,Doun Penh Section,Doun Penh Section,06:00 to 18:00,5/4/2022,5/1/2022,8/30/2026,Gold,DN 100D,J810009356,ATM,365,AMK MFI,1,active
AMKATM78,PSCNRD-A001,113737,Offsite,"Next to the fence of Norodom Primary School, Norodom Blvd., Sangkat Phsar Kandal II, Khan Daun Penh, Phnom Penh",Doun Penh Section,Phnom Penh,Doun Penh Section,Doun Penh Section,06:00 to 18:00,5/3/2022,5/1/2022,8/30/2026,Gold,DN 100D,J810009366,ATM,365,AMK MFI,1,active
AMKATM79,PNPMTT-A001,113704,Offsite,"Mao Tse Toung Street, Village 6, Sangkat Toul Svay Prey 1, Khan Boeung Keng Kang, Phnom Penh, Cambodia.",Doun Penh Section,Phnom Penh,Doun Penh Section,Doun Penh Section,06:00 to 18:00,5/2/2022,5/1/2022,8/30/2026,Gold,DN 100D,J810009359,ATM,365,AMK MFI,1,active
AMKATM80,PNPCAR-A001,113755,Offsite,"Lot 1381, National Road 2, Sangkat Chak Angre Krom, Khan Meanchey, Phnom Penh, Cambodia.",Doun Penh Section,Phnom Penh,Doun Penh Section,Doun Penh Section,06:00 to 18:00,5/5/2022,5/1/2022,8/30/2026,Gold,DN 100D,J810009349,ATM,365,AMK MFI,1,active
AMKATM81,PNPMBC-A001,113711,Offsite,"# 155E0, Street 163, Corner of Street 468, Sangkat Toul Tum Poung I, Khan Chamkarmon, Phnom Penh, Cambodia.",Doun Penh Section,Phnom Penh,Doun Penh Section,Doun Penh Section,06:00 to 18:00,5/2/2022,5/1/2022,8/30/2026,Gold,DN 100D,J810009361,ATM,365,AMK MFI,1,active
AMKATM82,VSR371-A001,113736,Offsite,"Street 371, Sangkat Boeung Tumpun 2, Khan Meanchey, Phnom Penh, Cambodia.",Doun Penh Section,Phnom Penh,Doun Penh Section,Doun Penh Section,06:00 to 18:00,5/5/2022,5/1/2022,8/30/2026,Gold,DN 100D,J810009357,ATM,365,AMK MFI,1,active
AMKATM83,PDKIOM-A001,113746,Offsite,"# 59, Street 51 (Pasteur), Corner of Street 294, Sangkat Boeung Keng Kang I, Khan Chamkar Mon, Phnom Penh, Cambodia.",Doun Penh Section,Phnom Penh,Doun Penh Section,Doun Penh Section,06:00 to 18:00,5/3/2022,5/1/2022,8/30/2026,Gold,DN 100D,J810009358,ATM,365,AMK MFI,1,active
AMKATM85,TTLHCF-A001,113907,Offsite,"St. 2002/371, Land No. 3057, Trapeang Chhouk Village, Sangkat O Bek Kam, Khan Sen Sok, Phnom Penh, Cambodia.",Doun Penh Section,Phnom Penh,Doun Penh Section,Doun Penh Section,06:00 to 18:00,6/15/2022,5/1/2022,8/30/2026,Gold,DN 100D,J810009353,ATM,365,AMK MFI,1,active
AMKATM86,BKMSTD-A001,114010,Offsite,"Sky Tree Residence Building, Street 105, Sangkat Toul Sangke I, Khan Russey Keo, Phnom Penh, Cambodia.",Doun Penh Section,Phnom Penh,Doun Penh Section,Doun Penh Section,06:00 to 18:00,6/16/2022,5/1/2022,8/30/2026,Gold,DN 100D,J810009352,ATM,365,AMK MFI,1,active
AMKATM87,CCVDCF-A001,114011,Offsite,"Preah Keto Mealea Hospital Premises, France Road (47), Village 13, Sangkat Srah Chak, Khan Daun Penh, Phnom Penh, Cambodia.",Doun Penh Section,Phnom Penh,Doun Penh Section,Doun Penh Section,06:00 to 18:00,6/16/2022,5/1/2022,8/30/2026,Gold,DN 100D,J810009354,ATM,365,AMK MFI,1,active
AMKATM88,VSRKMA-A001,114008,Offsite,"K-Mall, Building No. 188, Phlong Veng Sreng, Trapeang Thleung 1 Village, Sangkat Choam Chao 1, Khan Por Senchey, Phnom Penh, Cambodia.",Doun Penh Section,Phnom Penh,Doun Penh Section,Doun Penh Section,06:00 to 18:00,6/15/2022,5/1/2022,8/30/2026,Gold,DN 100D,J810009351,ATM,365,AMK MFI,1,active
AMKDC01,PPT Chbar Obpov,121203,Offsite,"National Road No.1 (Phnom Penh-Vietnam), Sangkat Niruth, Khan Meanchey, Phnom Penh, Cambodia",Khan Meanchey,Phnom Penh,Phnom Penh,Khan Meanchey,06:00 to 18:00,6/28/2022,6/28/2022,6/28/2027,Gold,DC365,DM200A00266,DC365,365,AMK MFI,1,active
AMKDC02,PPT Prey Key,120908,Offsite,"National Road No.3, Phum Prey key, Sangkat Pleung chhess Rotes, Khan Posen Chey, Phnom Penh, Cambodia",Khan Posen Chey,Phnom Penh,Phnom Penh,Khan Posen Chey,06:00 to 18:00,6/29/2022,6/29/2022,6/29/2027,Gold,DC365,DM200A00303,DC365,365,AMK MFI,1,active
AMKDC03,PTT Prek Phnov,121101,Offsite,"National Road No.5, Doung villlage, sangkat Por Nhea Leu, Khan Prek Phnov, Phnom Penh.",Khan Prek Phnov,Phnom Penh,Phnom Penh,Khan Prek Phnov,06:00 to 18:00,6/30/2022,6/30/2022,6/30/2027,Gold,DC365,DM200A002302,DC365,365,AMK MFI,1,active
ATM0001,ATM0001,12304,OnSite,"Building No 271, Preah Monivong Boulevard, Sangkat Bueng Kang Korng III, Khan Boeung Keng Kong, Phnom Penh",Boeung keng kong section,Phnom Penh,Phnom Penh,Boeung keng kong section,06:00 to 18:00,1/21/2022,1/21/2022,4/1/2027,Gold,DN 100D,J810001788,ATM,365,Wing,1,active
IMATM001,IMATM001,12302,OnSite,"Building No. 130, Preah Sihanouk Boulevard(274), Sangkat  Boeung Keng Kong Ti mouy, Khan Boeung Keng Kong, Phnom Penh",Boeung keng kong section,Phnom Penh,Phnom Penh,Boeung keng kong section,06:00 to 18:00,3/4/2022,3/4/2022,1/21/2027,Gold,DN 100D,J810001786,ATM,365,Wing,1,active
SSATM001,SSATM001,12101,OnSite,"Building No 11 & 12A, Street 1003,Phum Ba Yab Sangkat Phnom Penh Thmey, Khan Sen Sok, Phnom Penh",Sen Sok section,Phnom Penh,Phnom Penh,Sen Sok section,06:00 to 18:00,3/18/2022,3/18/2022,3/4/2027,Gold,DN 100D,J810005791,ATM,365,Wing,1,active
TKATM001,TKATM001,12151,OnSite,"#22, Sangkat Boeng kork Ti Mouy, Khan Toul Kork, Phnom Penh",Toul Kork section,Phnom Penh,Phnom Penh,Toul Kork section,06:00 to 18:00,3/18/2022,3/18/2022,5/18/2027,Gold,DN 100D,J810009350,ATM,365,Wing,1,active
WPATM001,WPATM001,12211,OnSite,"Building No 246, Monivong Blvd, Sangkat Boueng Reang, Khan Duan Penh, Phnom Penh",Duan Penh section,Phnom Penh,Phnom Penh,Duan Penh section,06:00 to 18:00,5/30/2022,5/30/2022,5/30/2027,Gold,DN 100D,J810009867,ATM,365,Wing,1,active
SHVATM01,SHVATM01,180402,OnSite,"Street Ekareach, Phum 1, Sangkat 2, Sihanouk City, Preah Sihanouk Province",Preah Sihanouk Sihanouk Municipality,Preah Sihanouk,Preah Sihanouk,Preah Sihanouk Sihanouk Municipality,06:00 to 18:00,6/1/2022,6/1/2022,6/1/2027,Gold,DN 100D,J810009860,ATM,365,Wing,1,active
CRM0001,CRM0001,12304,OnSite,"Building No 271, Preah Monivong Boulevard, Sangkat Bueng Kang Korng III, Khan Boeung Keng Kong, Phnom Penh",Boeung keng kong section,Phnom Penh,Phnom Penh,Boeung keng kong section,06:00 to 18:00,6/14/2022,6/14/2022,5/24/2027,Gold,DN 200V,J812001288,CRM,365,Wing,1,active
IMCRM001,IMCRM001,12302,OnSite,"Building No. 130, Preah Sihanouk Boulevard(274), Sangkat  Boeung Keng Kong Ti mouy, Khan Boeung Keng Kong, Phnom Penh",Boeung keng kong section,Phnom Penh,Phnom Penh,Boeung keng kong section,06:00 to 18:00,7/19/2022,7/19/2022,6/14/2027,Gold,DN 200V,J812001412,CRM,365,Wing,1,active
SSCRM001,SSCRM001,12101,OnSite,"Building No 11 & 12A, Street 1003,Phum Ba Yab Sangkat Phnom Penh Thmey, Khan Sen Sok, Phnom Penh",Sen Sok section,Phnom Penh,Phnom Penh,Sen Sok section,06:00 to 18:00,6/13/2022,6/13/2022,7/19/2027,Gold,DN 200V,J812001410,CRM,365,Wing,1,active
TKCRM001,TKCRM001,12151,OnSite,"#22, Sangkat Boeng kork Ti Mouy, Khan Toul Kork, Phnom Penh",Toul Kork section,Phnom Penh,Phnom Penh,Toul Kork section,06:00 to 18:00,6/13/2022,6/13/2022,6/13/2027,Gold,DN 200V,J812001413,CRM,365,Wing,1,active
WPCRM001,WPCRM001,12211,OnSite,"Building No 246, Monivong Blvd, Sangkat Boueng Reang, Khan Duan Penh, Phnom Penh",Duan Penh section,Phnom Penh,Phnom Penh,Duan Penh section,06:00 to 18:00,5/30/2022,5/30/2022,5/30/2027,Gold,DN 200V,J812001289,CRM,365,Wing,1,active
SHVCRM01,SHVCRM01,180402,OnSite,"Street Ekareach, Phum 1, Sangkat 2, Sihanouk City, Preah Sihanouk Province",Preah Sihanouk Sihanouk Municipality,Preah Sihanouk,Preah Sihanouk,Preah Sihanouk Sihanouk Municipality,06:00 to 18:00,6/1/2022,6/1/2022,6/1/2027,Gold,DN 200V,J812001290,CRM,365,Wing,1,active
CCM1280003,CCM1280003,12101,Phnom penh,"St 10003, Village Bayab, Sangkat Phnom Penh Thmey, Khan Sen Sok, Phnom Penh",Sen Sok sector,Phnom Penh,Phnom Penh,AEON Mall Sen Sok City,06:00 to 18:00,12/14/2022,12/24/2022,12/15/2027,Gold,DC365,DM200A30016,DC365,365,ABA Bank,1,active
CCM1280004,CCM1280004,12101,Phnom penh,"St 10003, Village Bayab, Sangkat Phnom Penh Thmey, Khan Sen Sok, Phnom Penh",Sen Sok sector,Phnom Penh,Phnom Penh,AEON Mall Sen Sok City,06:00 to 18:00,12/14/2022,12/24/2022,12/15/2027,Gold,DC365,DM200A30019,DC365,365,ABA Bank,1,active
CCM1280005,CCM1280005,12101,Phnom penh,"St 10003, Village Bayab, Sangkat Phnom Penh Thmey, Khan Sen Sok, Phnom Penh",Sen Sok sector,Phnom Penh,Phnom Penh,AEON Mall Sen Sok City,06:00 to 18:00,12/14/2022,12/24/2022,12/15/2027,Gold,DC365,DM200A30013,DC365,365,ABA Bank,1,active
CCM1280006,CCM1280006,12101,Phnom penh,"St 10003, Village Bayab, Sangkat Phnom Penh Thmey, Khan Sen Sok, Phnom Penh",Sen Sok sector,Phnom Penh,Phnom Penh,AEON Mall Sen Sok City,06:00 to 18:00,12/14/2022,12/24/2022,12/15/2027,Gold,DC365,DM200A30008,DC365,365,ABA Bank,1,active
CCM1280007,CCM1280007,12101,Phnom penh,"St 10003, Village Bayab, Sangkat Phnom Penh Thmey, Khan Sen Sok, Phnom Penh",Sen Sok sector,Phnom Penh,Phnom Penh,AEON Mall Sen Sok City,06:00 to 18:00,12/14/2022,12/24/2022,12/15/2027,Gold,DC365,DM200A30005,DC365,365,ABA Bank,1,active
CCM1280009,CCM1280009,12101,Phnom penh,"St 10003, Village Bayab, Sangkat Phnom Penh Thmey, Khan Sen Sok, Phnom Penh",Sen Sok sector,Phnom Penh,Phnom Penh,AEON Mall Sen Sok City,06:00 to 18:00,12/14/2022,12/24/2022,12/15/2027,Gold,DC365,DM200A30017,DC365,365,ABA Bank,1,active
CCM1280010,CCM1280010,12101,Phnom penh,"St 10003, Village Bayab, Sangkat Phnom Penh Thmey, Khan Sen Sok, Phnom Penh",Sen Sok sector,Phnom Penh,Phnom Penh,AEON Mall Sen Sok City,06:00 to 18:00,12/14/2022,12/24/2022,12/15/2027,Gold,DC365,DM200A30020,DC365,365,ABA Bank,1,active
CCM1280011,CCM1280011,12101,Phnom penh,"St 10003, Village Bayab, Sangkat Phnom Penh Thmey, Khan Sen Sok, Phnom Penh",Sen Sok sector,Phnom Penh,Phnom Penh,AEON Mall Sen Sok City,06:00 to 18:00,12/14/2022,12/24/2022,12/15/2027,Gold,DC365,DM200A30003,DC365,365,ABA Bank,1,active
CCM1280012,CCM1280012,12101,Phnom penh,"St 10003, Village Bayab, Sangkat Phnom Penh Thmey, Khan Sen Sok, Phnom Penh",Sen Sok sector,Phnom Penh,Phnom Penh,AEON Mall Sen Sok City,06:00 to 18:00,12/14/2022,12/24/2022,12/15/2027,Gold,DC365,DM200A30012,DC365,365,ABA Bank,1,active
CCM1280013,CCM1280013,12353,Phnom penh,"Hun Sen Blvd, Phum Preak Talong 3,Sangkat Chak Angre Krom, Khan mean chey, Phnom Penh",Mean chey sector,Phnom Penh,Phnom Penh,AEON Mall Mean chey,06:00 to 18:00,12/14/2022,12/24/2022,12/15/2027,Gold,DC365,DM200A30015,DC365,365,ABA Bank,1,active
CCM1280014,CCM1280014,12353,Phnom penh,"Hun Sen Blvd, Phum Preak Talong 3,Sangkat Chak Angre Krom, Khan mean chey, Phnom Penh",Mean chey sector,Phnom Penh,Phnom Penh,AEON Mall Mean chey,06:00 to 18:00,12/14/2022,12/24/2022,12/15/2027,Gold,DC365,DM200A30004,DC365,365,ABA Bank,1,active
CCM1280015,CCM1280015,12353,Phnom penh,"Hun Sen Blvd, Phum Preak Talong 3,Sangkat Chak Angre Krom, Khan mean chey, Phnom Penh",Mean chey sector,Phnom Penh,Phnom Penh,AEON Mall Mean chey,06:00 to 18:00,12/14/2022,12/24/2022,12/15/2027,Gold,DC365,DM200A30011,DC365,365,ABA Bank,1,active
CCM1280016,CCM1280016,12353,Phnom penh,"Hun Sen Blvd, Phum Preak Talong 3,Sangkat Chak Angre Krom, Khan mean chey, Phnom Penh",Mean chey sector,Phnom Penh,Phnom Penh,AEON Mall Mean chey,06:00 to 18:00,12/14/2022,12/24/2022,12/15/2027,Gold,DC365,DM200A30009,DC365,365,ABA Bank,1,active
CCM1280017,CCM1280017,12353,Phnom penh,"Hun Sen Blvd, Phum Preak Talong 3,Sangkat Chak Angre Krom, Khan mean chey, Phnom Penh",Mean chey sector,Phnom Penh,Phnom Penh,AEON Mall Mean chey,06:00 to 18:00,12/14/2022,12/24/2022,12/15/2027,Gold,DC365,DM200A30014,DC365,365,ABA Bank,1,active
CCM1280018,CCM1280018,12353,Phnom penh,"Hun Sen Blvd, Phum Preak Talong 3,Sangkat Chak Angre Krom, Khan mean chey, Phnom Penh",Mean chey sector,Phnom Penh,Phnom Penh,AEON Mall Mean chey,06:00 to 18:00,12/14/2022,12/24/2022,12/15/2027,Gold,DC365,DM200A30007,DC365,365,ABA Bank,1,active
CCM1280019,CCM1280019,12353,Phnom penh,"Hun Sen Blvd, Phum Preak Talong 3,Sangkat Chak Angre Krom, Khan mean chey, Phnom Penh",Mean chey sector,Phnom Penh,Phnom Penh,AEON Mall Mean chey,06:00 to 18:00,12/14/2022,12/24/2022,12/15/2027,Gold,DC365,DM200A30018,DC365,365,ABA Bank,1,active
CCM1280020,CCM1280020,12353,Phnom penh,"Hun Sen Blvd, Phum Preak Talong 3,Sangkat Chak Angre Krom, Khan mean chey, Phnom Penh",Mean chey sector,Phnom Penh,Phnom Penh,AEON Mall Mean chey,06:00 to 18:00,12/14/2022,12/24/2022,12/15/2027,Gold,DC365,DM200A30006,DC365,365,ABA Bank,1,active
TCATM001,TCATM001,12302,Next to branch,"Boeng Keng Kang Muoy, khan Boeng Keng Kang, Phnom penh, Cambodia",Boeng Keng Kang sector,Phnom Penh,Phnom Penh,Youkon thor branch,06:00 to 18:00,10/21/2022,10/21/2022,10/21/2022,Gold,DN 100D,J810009716,ATM,365,Wing,1,active
TCCRM001,TCCRM001,12302,Phnom penh,"Boeng Keng Kang Muoy, khan Boeng Keng Kang, Phnom penh, Cambodia",Boeng Keng Kang sector,Phnom Penh,Phnom Penh,Youkon thor branch,06:00 to 18:00,10/21/2022,10/21/2022,10/21/2022,Gold,DN 200V,J812001420,CRM,365,Wing,1,active
PBCATM01,PBCATM01,12304,Phnom penh,"759 Preah Monivong Blvd (93), Phnom Penh",Boeng Keng Kang sector,Phnom Penh,Phnom Penh,Boeng Trabaek branch,06:00 to 18:00,1/10/2023,1/10/2023,1/10/2028,Gold,DN 200V,J810009866,ATM,365,Wing,1,active
PBCCRM01,PBCCRM01,12304,Phnom penh,"759 Preah Monivong Blvd (93), Phnom Penh",Boeng Keng Kang sector,Phnom Penh,Phnom Penh,Boeng Trabaek branch,06:00 to 18:00,1/10/2023,1/10/2023,1/10/2028,Gold,DN 200V,J812001418,CRM,365,Wing,1,active
PSZATM01,PSZATM01,120906,Phnom penh,"Building no 115,117 and 119 Street No.1 Trapean kol village, Sangkat Kan Taok, Khan Kamboul, Phnompenh",Kamboul sector,Phnom Penh,Phnom Penh,PPSEZ,06:00 to 18:00,1/25/2023,1/25/2023,1/25/2028,Gold,DN 200V,J810009864,ATM,365,Wing,1,active
PSZCRM01,PSZCRM01,120906,Phnom penh,"Building no 115,117 and 119 Street No.1 Trapean kol village, Sangkat Kan Taok, Khan Kamboul, Phnompenh",Kamboul sector,Phnom Penh,Phnom Penh,PPSEZ,06:00 to 18:00,1/25/2023,1/25/2023,1/25/2028,Gold,DN 200V,J812001411,CRM,365,Wing,1,active
BTBCRM01,BTBCRM01,21401,Battambang,Battambang,Battambang,Battambang,Phnom Penh,Battambang branch,06:00 to 18:00,1/18/2023,1/18/2023,1/18/2028,Gold,DN 200V,J812001417,CRM,365,Wing,1,active
BMCCRM01,BMCCRM01,10801,Banteay Mean Chey,Banteay Mean Chey,Banteay Mean Chey,Banteay Mean Chey,Phnom Penh,Banteay Mea Chaey branch,06:00 to 18:00,1/18/2023,1/18/2023,1/18/2028,Gold,DN 200V,J812001414,CRM,365,Wing,1,active
OKDCRM01,OKDCRM01,100989,On-site,"Building no. SHR135, Street 2004, Orchide Village, Sangkat Ou Beak Kam, Khan Saesokh, Phnom Penh, Cambodia.",Saesok sector,Phnom Penh,Saesok sector,Saesok sector,06:00 to 18:00,2/17/2023,2/17/2023,2/17/2028,Gold,DN 200V,J812001409,CRM,365,Wing,1,active
AMKDC04,PTT_Klaing Leu,180401,Off-site,"National Road No. 4, Sangkat 1, Khan Mittapheap, Sihanouk Province, Cambodia",Sihanouk Municipality,Sihanouk,Sihanouk,Sihanouk,06:00 to 18:00,5/29/2023,5/29/2023,5/29/2028,Gold,DN 200V,C2304001,DC365,365,AMK MFI,1,active
AMKDC05,PTT Seang Nam,171206,Off-site,"National Road No. 6, Sangkat Chreav, Khan Siem Reap, Siem Reap Province, Kingdom of Cambodia",Siem Reap Municipality,Siem Reap,Siem Reap,Siem Reap,06:00 to 18:00,6/8/2023,6/8/2023,6/8/2028,Gold,DN 200V,C2304002,DC365,365,AMK MFI,1,active
AMKDC06,PTT Siem Reap,171202,Off-site,"National road No. 6, Phum Sala Kanseng, Sangkat No.2, Siem Reap Province, Kingdom of Cambodia",Siem Reap Municipality,Siem Reap,Siem Reap,Siem Reap,06:00 to 18:00,6/7/2023,6/7/2023,6/7/2028,Gold,DC365lx,C2304003,DC365,365,AMK MFI,1,active
AMKDC07,PTT Phdao Chum 1,30303-01,Off-site,"National Road No. 6 Phum Chheur Teal, Khum Phdao Chum, Srok Cherng Prey, Kampong Cham Province, Kingdom of Cambodia",Kampong Cham Municipality,Kompong Cham,Kompong Cham,Kompong Cham,06:00 to 18:00,6/6/2023,6/6/2023,6/6/2028,Gold,DC365lx,C2304004,DC365,365,AMK MFI,1,active
AMKDC08,PTT Phdao-Chum 2,030303-02,Off-site,"National Road No. 6 Phum Chheur Teal, Khum Phdao Chum, Srok Cherng Prey, Kampong Cham Province, Kingdom of Cambodia",Kampong Cham Municipality,Kompong Cham,Kompong Cham,Kompong Cham,06:00 to 18:00,6/5/2023,6/5/2023,6/5/2028,Gold,DC365lx,C2304005,DC365,365,AMK MFI,1,active
AMKDC09,PTT Takeo City,211002,Off-site,"Poum 3, Sangkat Rokar Knung, Krung DounKeo, Takeo Province",DounKeo municipality,Takeo,Takeo,Takeo,06:00 to 18:00,5/31/2023,5/31/2023,5/31/2028,Gold,DC365lx,C2304006,DC365,365,AMK MFI,1,active
AMKDC10,PTT Pich Nil,50512,Off-site,"National Road No4, Phumi 6, Khom Traeng Troyeung, Srok Phnom Srouch, Kampong Speu Province, Cambodia.","Chbar Mon Municipality	",Kompong Speu,Kompong Speu,Kompong Speu,06:00 to 18:00,5/30/2023,5/30/2023,5/30/2028,Gold,DC365lx,C2304007,DC365,365,AMK MFI,1,active
AMKDC11,PTT Kampong Chhnang,40704,Off-site,"National R. 5, Phum Toul Khsach, Khum Chrey Bak, Srok Rolea Pa Ear, Kanpong Chhnang province","Kanpong Chhnang Municipality	",Kompon Chhnang,Kompon Chhnang,Kompon Chhnang,06:00 to 18:00,6/9/2023,6/9/2023,6/9/2028,Gold,DC365lx,C2304009,DC365,365,AMK MFI,1,active
AMKATM89,AMKATM89,120104-07,UAT,"285, Street 271, Village 1, Sangkat Boeung Keng Kang, Khan Chamkarmon, Phnom Penh",Chamkarmon sector,Phnom Penh,Phnom Penh,Phnom Penh,06:00 to 18:00,6/9/2022,6/9/2022,6/9/2028,Gold,DN 100D,J810004222,ATM,365,AMK MFI,1,active
AMKATM90,AMKATM90,120104-07,UAT,"285, Street 271, Village 1, Sangkat Boeung Keng Kang, Khan Chamkarmon, Phnom Penh",Chamkarmon sector,Phnom Penh,Phnom Penh,Phnom Penh,06:00 to 18:00,6/9/2022,6/9/2022,6/9/2027,Gold,DN 200V,J812001678,CRM,365,AMK MFI,1,active
AMKATM91,AMKATM91,120910,On-site,"Building 6, Veng Sreng Street, Trapeang Thleung Village, Sangkat Choam Chao, Khan Por Senchey, Phnom Penh.",Por senchey sector,Phnom Penh,Phnom Penh,Phnom Penh,06:00 to 18:00,5/26/2023,5/26/2023,5/26/2028,Gold,DN 200V,5310259836,CRM,365,AMK MFI,1,active
BKATM001,BKATM001,12304,On-site,"Building No 271, Preah Monivong Boulevard, Sangkat Bueng Kang Korng III, Khan Boeung Keng Kong, Phnom Penh",Boeung keng kong sector,Phnom Penh,Phnom Penh,Phnom Penh,06:00 to 18:00,5/15/2023,5/15/2023,5/15/2028,Gold,DN 100D,J810009717,ATM,365,Wing,1,active
BKCRM001,BKCRM001,12304,On-site,"Building No 271, Preah Monivong Boulevard, Sangkat Bueng Kang Korng III, Khan Boeung Keng Kong, Phnom Penh",Boeung keng kong sector,Phnom Penh,Phnom Penh,Phnom Penh,06:00 to 18:00,5/15/2023,5/15/2023,5/15/2028,Gold,DN 200V,J812001419,CRM,365,Wing,1,active
ATM-share 01,ATM share 01,12302-03,Off-site,"44, St 334 corner 57, Sangkat Beoung keng kong I, Khan Beoung keng kong, Phnom penh",Boeung keng kong sector,Phnom Penh,Phnom Penh,Phnom Penh,06:00 to 18:00,5/15/2023,5/15/2023,5/15/2028,Gold,DN 100D,J812001421,ATM,365,BTI,1,active
ATM-share 02,ATM share 02,12302-03,Off-site,"Street 144,  Sangkat Boeng Prolit, Phnom Penh",Boeung keng kong sector,Phnom Penh,Phnom Penh,Phnom Penh,06:00 to 18:00,5/15/2023,5/15/2023,5/15/2028,Gold,DN 100D,J812001422,ATM,365,BTI,1,active
KPCCRM01,KPCCRM01,30401,On-site,"Boeng Kok Ti Pir Village, Sangkat Boeng Kok, Kampong Cham Municipality, Kompong Cham province",Kompong Cham Municipality,Kompong Cham,Kompong Cham,Kompong Cham,06:00 to 18:00,6/26/2023,6/26/2023,6/26/2028,Gold,DN 200V,J812001416,CRM,365,Wing,1,active
CCM1280021,CCM1280021,1235312,On-site,"Hun Sen Blvd, Phum Preak Talong 3,Sangkat Chak Angre Krom, Khan mean chey, Phnom Penh",Porsenchey Section,Phnom Penh,Phnom Penh,Phnom Penh,06:00 to 18:00,8/23/2023,8/23/2023,8/24/2030,Gold,DC365,DM500C2304013B,DC365,365,ABA Bank,1,active
CCM1280022,CCM1280022,1235313,On-site,"Hun Sen Blvd, Phum Preak Talong 3,Sangkat Chak Angre Krom, Khan mean chey, Phnom Penh",Porsenchey Section,Phnom Penh,Phnom Penh,Phnom Penh,06:00 to 18:00,8/23/2023,8/23/2023,8/25/2030,Gold,DC365,DM500C2304018B,DC365,365,ABA Bank,1,active
CCM1180023,CCM1180023,1210112,On-site,"St 10003, Village Bayab, Sangkat Phnom Penh Thmey, Khan Sen Sok, Phnom Penh",SenSok Section,Phnom Penh,Phnom Penh,Phnom Penh,06:00 to 18:00,8/23/2023,8/23/2023,8/26/2030,Gold,DC365,DM500C2304027B,DC365,365,ABA Bank,1,active
CCM1180024,CCM1180024,1210113,On-site,"St 10003, Village Bayab, Sangkat Phnom Penh Thmey, Khan Sen Sok, Phnom Penh",SenSok Section,Phnom Penh,Phnom Penh,Phnom Penh,06:00 to 18:00,8/23/2023,8/23/2023,8/27/2030,Gold,DC365,DM500C2304028B,DC365,365,ABA Bank,1,active
CCM1180008,CCM1180008,1210114,On-site,"St 10003, Village Bayab, Sangkat Phnom Penh Thmey, Khan Sen Sok, Phnom Penh",SenSok Section,Phnom Penh,Phnom Penh,Phnom Penh,06:00 to 18:00,8/23/2023,8/23/2023,8/28/2030,Gold,DC365,DM500C2304022B,DC365,365,ABA Bank,1,active
TKOCRM01,TKOCRM01,211002,On-site,"National Road No 2, Phum Louri, Sanhkat Roka Knong, Krong Daun Kaev, Takeo Province",Doun Kaev Municipality,Takeo,Takeo,Takeo,06:00 to 18:00,8/23/2023,8/23/2023,8/28/2028,Gold,DN 200V,J812001415,CRM,365,Wing,1,active
AMKATM06,BTBPSN-A001,102656,Offsite,"Prek Mohatep Village, Sangkat Svay Por, Battambang Province.",Battambang Municipality,Battambang,Battambang Municipality,Battambang Municipality,06:00 to 18:00,7/14/2021,7/18/2021,8/30/2026,Gold,DN 100D,J810004236,ATM,365,AMK MFI,1,non-active
CCM1280008,CCM1280008,12101,Phnom penh,"St 10003, Village Bayab, Sangkat Phnom Penh Thmey, Khan Sen Sok, Phnom Penh",Sen Sok sector,Phnom Penh,Phnom penh,Phnom penh,06:00 to 18:00,12/24/2022,12/24/2022,12/15/2027,Gold,DC365,DM200A30010,DC365,365,ABA Bank,1,non-active
AE3ATM01,AE3ATM01,12353201,Onsite,"Hun Sen Blvd, Phum Preak Talong 3,Sangkat Chak Angre Krom, Khan mean chey, Phnom Penh",Mean chey sector,Phnom Penh,Phnom penh,Phnom penh,06:00 to 18:00,8/31/2023,8/31/2023,8/31/2028,Gold,DN 100D,J810009863,ATM,365,Wing,1,active
AE3CRM01,AE3CRM01,12353202,Onsite,"Hun Sen Blvd, Phum Preak Talong 3,Sangkat Chak Angre Krom, Khan mean chey, Phnom Penh",Mean chey sector,Phnom Penh,Phnom penh,Phnom penh,06:00 to 18:00,8/31/2023,8/31/2023,8/31/2028,Gold,DN 200V,J812002093,CRM,365,Wing,1,active
